Topic,URL
About - PIFSC,https://www.fisheries.noaa.gov/about/pacific-islands-fisheries-science-center
About - ESD,https://www.fisheries.noaa.gov/pacific-islands/ecosystems/surveying-vast-pacific-ocean
About - Coral Surveys,https://www.fisheries.noaa.gov/pacific-islands/ecosystems/coral-reefs-pacific#corals-of-the-u.s.-pacific-islands-region
NCRMP Pacific home page,https://www.fisheries.noaa.gov/pacific-islands/science-data/coral-reef-monitoring-pacific
2009 - 2012 blog posts,https://noaacred.blogspot.com/
2013 - 2017 blog posts,https://pifscblog.wordpress.com/category/coral-reef-ecosystem/
NCRMP Hawai'i 2024 photo gallery,https://www.fisheries.noaa.gov/gallery/monitoring-coral-reefs-hawaii
"NCRMP American Samoa, Howland, Baker 2023 Story Map",https://storymaps.arcgis.com/stories/c0ba9a4cb8d54e3281d7e91f45c6777a
"NCRMP American Samoa, Howland, Baker 2023 completion feature story",https://www.fisheries.noaa.gov/feature-story/collaboration-guides-completion-2023-seafloor-mapping-and-coral-reef-assessments
NCRMP Marianas 2022 Story Map,https://storymaps.arcgis.com/stories/21dae1db38774f189dd23510e1f82b0a
NCRMP Marianas 2022 Completion feature story,https://www.fisheries.noaa.gov/feature-story/seafloor-mapping-and-coral-reef-assessments-complete-mariana-archipelago
NCRMP Hawai'i 2019 Story Map,https://noaa.maps.arcgis.com/apps/MapTour/index.html?appid=30753dfb8d7f4e9a923a4375bab85048
NCRMP Hawai'i 2019 Introduction feature story,https://www.fisheries.noaa.gov/feature-story/scientists-monitor-coral-reef-ecosystems-throughout-hawaiian-archipelago
NCRMP American Samoa & PRIAs photo gallery,https://www.fisheries.noaa.gov/science-blog/sea-tales-deep-dives-and-shallow-reefs